review_index,review_day,forecast_days,forecast_index,forecast_d,forecast
1520,d_1521,"['F1', 'F2', 'F3', 'F4', 'F5', 'F6', 'F7', 'F8', 'F9', 'F10']",1521,1522,2.249050793
1520,d_1521,"['F1', 'F2', 'F3', 'F4', 'F5', 'F6', 'F7', 'F8', 'F9', 'F10']",1522,1523,2.227875546
1520,d_1521,"['F1', 'F2', 'F3', 'F4', 'F5', 'F6', 'F7', 'F8', 'F9', 'F10']",1523,1524,2.209598643
1520,d_1521,"['F1', 'F2', 'F3', 'F4', 'F5', 'F6', 'F7', 'F8', 'F9', 'F10']",1524,1525,2.193823377
1520,d_1521,"['F1', 'F2', 'F3', 'F4', 'F5', 'F6', 'F7', 'F8', 'F9', 'F10']",1525,1526,2.180207338
1520,d_1521,"['F1', 'F2', 'F3', 'F4', 'F5', 'F6', 'F7', 'F8', 'F9', 'F10']",1526,1527,2.168454984
1520,d_1521,"['F1', 'F2', 'F3', 'F4', 'F5', 'F6', 'F7', 'F8', 'F9', 'F10']",1527,1528,2.158311224
1520,d_1521,"['F1', 'F2', 'F3', 'F4', 'F5', 'F6', 'F7', 'F8', 'F9', 'F10']",1528,1529,2.149555883
1520,d_1521,"['F1', 'F2', 'F3', 'F4', 'F5', 'F6', 'F7', 'F8', 'F9', 'F10']",1529,1530,2.141998922
1520,d_1521,"['F1', 'F2', 'F3', 'F4', 'F5', 'F6', 'F7', 'F8', 'F9', 'F10']",1530,1531,2.135476314
1527,d_1528,"['F1', 'F2', 'F3', 'F4', 'F5', 'F6', 'F7', 'F8', 'F9', 'F10']",1528,1529,2.881825568
1527,d_1528,"['F1', 'F2', 'F3', 'F4', 'F5', 'F6', 'F7', 'F8', 'F9', 'F10']",1529,1530,2.80517673
1527,d_1528,"['F1', 'F2', 'F3', 'F4', 'F5', 'F6', 'F7', 'F8', 'F9', 'F10']",1530,1531,2.739067394
1527,d_1528,"['F1', 'F2', 'F3', 'F4', 'F5', 'F6', 'F7', 'F8', 'F9', 'F10']",1531,1532,2.682048338
1527,d_1528,"['F1', 'F2', 'F3', 'F4', 'F5', 'F6', 'F7', 'F8', 'F9', 'F10']",1532,1533,2.632869616
1527,d_1528,"['F1', 'F2', 'F3', 'F4', 'F5', 'F6', 'F7', 'F8', 'F9', 'F10']",1533,1534,2.590453152
1527,d_1528,"['F1', 'F2', 'F3', 'F4', 'F5', 'F6', 'F7', 'F8', 'F9', 'F10']",1534,1535,2.55386911
1527,d_1528,"['F1', 'F2', 'F3', 'F4', 'F5', 'F6', 'F7', 'F8', 'F9', 'F10']",1535,1536,2.522315511
1527,d_1528,"['F1', 'F2', 'F3', 'F4', 'F5', 'F6', 'F7', 'F8', 'F9', 'F10']",1536,1537,2.49510065
1527,d_1528,"['F1', 'F2', 'F3', 'F4', 'F5', 'F6', 'F7', 'F8', 'F9', 'F10']",1537,1538,2.471627934
1534,d_1535,"['F1', 'F2', 'F3', 'F4', 'F5', 'F6', 'F7', 'F8', 'F9', 'F10']",1535,1536,1.356927933
1534,d_1535,"['F1', 'F2', 'F3', 'F4', 'F5', 'F6', 'F7', 'F8', 'F9', 'F10']",1536,1537,1.411704107
1534,d_1535,"['F1', 'F2', 'F3', 'F4', 'F5', 'F6', 'F7', 'F8', 'F9', 'F10']",1537,1538,1.45896799
1534,d_1535,"['F1', 'F2', 'F3', 'F4', 'F5', 'F6', 'F7', 'F8', 'F9', 'F10']",1538,1539,1.499749858
1534,d_1535,"['F1', 'F2', 'F3', 'F4', 'F5', 'F6', 'F7', 'F8', 'F9', 'F10']",1539,1540,1.534938686
1534,d_1535,"['F1', 'F2', 'F3', 'F4', 'F5', 'F6', 'F7', 'F8', 'F9', 'F10']",1540,1541,1.565301535
1534,d_1535,"['F1', 'F2', 'F3', 'F4', 'F5', 'F6', 'F7', 'F8', 'F9', 'F10']",1541,1542,1.591500264
1534,d_1535,"['F1', 'F2', 'F3', 'F4', 'F5', 'F6', 'F7', 'F8', 'F9', 'F10']",1542,1543,1.614105962
1534,d_1535,"['F1', 'F2', 'F3', 'F4', 'F5', 'F6', 'F7', 'F8', 'F9', 'F10']",1543,1544,1.633611396
1534,d_1535,"['F1', 'F2', 'F3', 'F4', 'F5', 'F6', 'F7', 'F8', 'F9', 'F10']",1544,1545,1.650441754
1541,d_1542,"['F1', 'F2', 'F3', 'F4', 'F5', 'F6', 'F7', 'F8', 'F9', 'F10']",1542,1543,1.211694927
1541,d_1542,"['F1', 'F2', 'F3', 'F4', 'F5', 'F6', 'F7', 'F8', 'F9', 'F10']",1543,1544,1.264493103
1541,d_1542,"['F1', 'F2', 'F3', 'F4', 'F5', 'F6', 'F7', 'F8', 'F9', 'F10']",1544,1545,1.310082621
1541,d_1542,"['F1', 'F2', 'F3', 'F4', 'F5', 'F6', 'F7', 'F8', 'F9', 'F10']",1545,1546,1.349447696
1541,d_1542,"['F1', 'F2', 'F3', 'F4', 'F5', 'F6', 'F7', 'F8', 'F9', 'F10']",1546,1547,1.383438166
1541,d_1542,"['F1', 'F2', 'F3', 'F4', 'F5', 'F6', 'F7', 'F8', 'F9', 'F10']",1547,1548,1.412787837
1541,d_1542,"['F1', 'F2', 'F3', 'F4', 'F5', 'F6', 'F7', 'F8', 'F9', 'F10']",1548,1549,1.438130329
1541,d_1542,"['F1', 'F2', 'F3', 'F4', 'F5', 'F6', 'F7', 'F8', 'F9', 'F10']",1549,1550,1.460012752
1541,d_1542,"['F1', 'F2', 'F3', 'F4', 'F5', 'F6', 'F7', 'F8', 'F9', 'F10']",1550,1551,1.478907516
1541,d_1542,"['F1', 'F2', 'F3', 'F4', 'F5', 'F6', 'F7', 'F8', 'F9', 'F10']",1551,1552,1.495222535
1548,d_1549,"['F1', 'F2', 'F3', 'F4', 'F5', 'F6', 'F7', 'F8', 'F9', 'F10']",1549,1550,1.045530118
1548,d_1549,"['F1', 'F2', 'F3', 'F4', 'F5', 'F6', 'F7', 'F8', 'F9', 'F10']",1550,1551,1.093623202
1548,d_1549,"['F1', 'F2', 'F3', 'F4', 'F5', 'F6', 'F7', 'F8', 'F9', 'F10']",1551,1552,1.13518092
1548,d_1549,"['F1', 'F2', 'F3', 'F4', 'F5', 'F6', 'F7', 'F8', 'F9', 'F10']",1552,1553,1.17109136
1548,d_1549,"['F1', 'F2', 'F3', 'F4', 'F5', 'F6', 'F7', 'F8', 'F9', 'F10']",1553,1554,1.202121933
1548,d_1549,"['F1', 'F2', 'F3', 'F4', 'F5', 'F6', 'F7', 'F8', 'F9', 'F10']",1554,1555,1.228935762
1548,d_1549,"['F1', 'F2', 'F3', 'F4', 'F5', 'F6', 'F7', 'F8', 'F9', 'F10']",1555,1556,1.252105861
1548,d_1549,"['F1', 'F2', 'F3', 'F4', 'F5', 'F6', 'F7', 'F8', 'F9', 'F10']",1556,1557,1.272127376
1548,d_1549,"['F1', 'F2', 'F3', 'F4', 'F5', 'F6', 'F7', 'F8', 'F9', 'F10']",1557,1558,1.289428168
1548,d_1549,"['F1', 'F2', 'F3', 'F4', 'F5', 'F6', 'F7', 'F8', 'F9', 'F10']",1558,1559,1.304377957
1555,d_1556,"['F1', 'F2', 'F3', 'F4', 'F5', 'F6', 'F7', 'F8', 'F9', 'F10']",1556,1557,2.059231456
1555,d_1556,"['F1', 'F2', 'F3', 'F4', 'F5', 'F6', 'F7', 'F8', 'F9', 'F10']",1557,1558,2.016708847
1555,d_1556,"['F1', 'F2', 'F3', 'F4', 'F5', 'F6', 'F7', 'F8', 'F9', 'F10']",1558,1559,1.979979395
1555,d_1556,"['F1', 'F2', 'F3', 'F4', 'F5', 'F6', 'F7', 'F8', 'F9', 'F10']",1559,1560,1.948253857
1555,d_1556,"['F1', 'F2', 'F3', 'F4', 'F5', 'F6', 'F7', 'F8', 'F9', 'F10']",1560,1561,1.920850514
1555,d_1556,"['F1', 'F2', 'F3', 'F4', 'F5', 'F6', 'F7', 'F8', 'F9', 'F10']",1561,1562,1.897180523
1555,d_1556,"['F1', 'F2', 'F3', 'F4', 'F5', 'F6', 'F7', 'F8', 'F9', 'F10']",1562,1563,1.876735263
1555,d_1556,"['F1', 'F2', 'F3', 'F4', 'F5', 'F6', 'F7', 'F8', 'F9', 'F10']",1563,1564,1.859075406
1555,d_1556,"['F1', 'F2', 'F3', 'F4', 'F5', 'F6', 'F7', 'F8', 'F9', 'F10']",1564,1565,1.843821476
1555,d_1556,"['F1', 'F2', 'F3', 'F4', 'F5', 'F6', 'F7', 'F8', 'F9', 'F10']",1565,1566,1.830645698
1562,d_1563,"['F1', 'F2', 'F3', 'F4', 'F5', 'F6', 'F7', 'F8', 'F9', 'F10']",1563,1564,1.574339915
1562,d_1563,"['F1', 'F2', 'F3', 'F4', 'F5', 'F6', 'F7', 'F8', 'F9', 'F10']",1564,1565,1.668023803
1562,d_1563,"['F1', 'F2', 'F3', 'F4', 'F5', 'F6', 'F7', 'F8', 'F9', 'F10']",1565,1566,1.443325991
1562,d_1563,"['F1', 'F2', 'F3', 'F4', 'F5', 'F6', 'F7', 'F8', 'F9', 'F10']",1566,1567,1.64589683
1562,d_1563,"['F1', 'F2', 'F3', 'F4', 'F5', 'F6', 'F7', 'F8', 'F9', 'F10']",1567,1568,1.679682533
1562,d_1563,"['F1', 'F2', 'F3', 'F4', 'F5', 'F6', 'F7', 'F8', 'F9', 'F10']",1568,1569,1.771358667
1562,d_1563,"['F1', 'F2', 'F3', 'F4', 'F5', 'F6', 'F7', 'F8', 'F9', 'F10']",1569,1570,1.701334382
1562,d_1563,"['F1', 'F2', 'F3', 'F4', 'F5', 'F6', 'F7', 'F8', 'F9', 'F10']",1570,1571,1.482507319
1562,d_1563,"['F1', 'F2', 'F3', 'F4', 'F5', 'F6', 'F7', 'F8', 'F9', 'F10']",1571,1572,1.490928015
1562,d_1563,"['F1', 'F2', 'F3', 'F4', 'F5', 'F6', 'F7', 'F8', 'F9', 'F10']",1572,1573,1.498304398
1569,d_1570,"['F1', 'F2', 'F3', 'F4', 'F5', 'F6', 'F7', 'F8', 'F9', 'F10']",1570,1571,1.88149321
1569,d_1570,"['F1', 'F2', 'F3', 'F4', 'F5', 'F6', 'F7', 'F8', 'F9', 'F10']",1571,1572,1.862519602
1569,d_1570,"['F1', 'F2', 'F3', 'F4', 'F5', 'F6', 'F7', 'F8', 'F9', 'F10']",1572,1573,1.846117697
1569,d_1570,"['F1', 'F2', 'F3', 'F4', 'F5', 'F6', 'F7', 'F8', 'F9', 'F10']",1573,1574,1.831938924
1569,d_1570,"['F1', 'F2', 'F3', 'F4', 'F5', 'F6', 'F7', 'F8', 'F9', 'F10']",1574,1575,1.819681957
1569,d_1570,"['F1', 'F2', 'F3', 'F4', 'F5', 'F6', 'F7', 'F8', 'F9', 'F10']",1575,1576,1.809086313
1569,d_1570,"['F1', 'F2', 'F3', 'F4', 'F5', 'F6', 'F7', 'F8', 'F9', 'F10']",1576,1577,1.799926813
1569,d_1570,"['F1', 'F2', 'F3', 'F4', 'F5', 'F6', 'F7', 'F8', 'F9', 'F10']",1577,1578,1.792008802
1569,d_1570,"['F1', 'F2', 'F3', 'F4', 'F5', 'F6', 'F7', 'F8', 'F9', 'F10']",1578,1579,1.785164007
1569,d_1570,"['F1', 'F2', 'F3', 'F4', 'F5', 'F6', 'F7', 'F8', 'F9', 'F10']",1579,1580,1.779246962
1576,d_1577,"['F1', 'F2', 'F3', 'F4', 'F5', 'F6', 'F7', 'F8', 'F9', 'F10']",1577,1578,2.150475389
1576,d_1577,"['F1', 'F2', 'F3', 'F4', 'F5', 'F6', 'F7', 'F8', 'F9', 'F10']",1578,1579,2.10554921
1576,d_1577,"['F1', 'F2', 'F3', 'F4', 'F5', 'F6', 'F7', 'F8', 'F9', 'F10']",1579,1580,2.066768067
1576,d_1577,"['F1', 'F2', 'F3', 'F4', 'F5', 'F6', 'F7', 'F8', 'F9', 'F10']",1580,1581,2.033291436
1576,d_1577,"['F1', 'F2', 'F3', 'F4', 'F5', 'F6', 'F7', 'F8', 'F9', 'F10']",1581,1582,2.004393762
1576,d_1577,"['F1', 'F2', 'F3', 'F4', 'F5', 'F6', 'F7', 'F8', 'F9', 'F10']",1582,1583,1.979448733
1576,d_1577,"['F1', 'F2', 'F3', 'F4', 'F5', 'F6', 'F7', 'F8', 'F9', 'F10']",1583,1584,1.957915703
1576,d_1577,"['F1', 'F2', 'F3', 'F4', 'F5', 'F6', 'F7', 'F8', 'F9', 'F10']",1584,1585,1.939327977
1576,d_1577,"['F1', 'F2', 'F3', 'F4', 'F5', 'F6', 'F7', 'F8', 'F9', 'F10']",1585,1586,1.923282693
1576,d_1577,"['F1', 'F2', 'F3', 'F4', 'F5', 'F6', 'F7', 'F8', 'F9', 'F10']",1586,1587,1.909432094
1583,d_1584,"['F1', 'F2', 'F3', 'F4', 'F5', 'F6', 'F7', 'F8', 'F9', 'F10']",1584,1585,0.65478444
1583,d_1584,"['F1', 'F2', 'F3', 'F4', 'F5', 'F6', 'F7', 'F8', 'F9', 'F10']",1585,1586,0.690272235
1583,d_1584,"['F1', 'F2', 'F3', 'F4', 'F5', 'F6', 'F7', 'F8', 'F9', 'F10']",1586,1587,0.818472911
1583,d_1584,"['F1', 'F2', 'F3', 'F4', 'F5', 'F6', 'F7', 'F8', 'F9', 'F10']",1587,1588,0.865189028
1583,d_1584,"['F1', 'F2', 'F3', 'F4', 'F5', 'F6', 'F7', 'F8', 'F9', 'F10']",1588,1589,1.051384773
1583,d_1584,"['F1', 'F2', 'F3', 'F4', 'F5', 'F6', 'F7', 'F8', 'F9', 'F10']",1589,1590,1.192765779
1583,d_1584,"['F1', 'F2', 'F3', 'F4', 'F5', 'F6', 'F7', 'F8', 'F9', 'F10']",1590,1591,1.158781548
1583,d_1584,"['F1', 'F2', 'F3', 'F4', 'F5', 'F6', 'F7', 'F8', 'F9', 'F10']",1591,1592,1.128338593
1583,d_1584,"['F1', 'F2', 'F3', 'F4', 'F5', 'F6', 'F7', 'F8', 'F9', 'F10']",1592,1593,1.025439193
1583,d_1584,"['F1', 'F2', 'F3', 'F4', 'F5', 'F6', 'F7', 'F8', 'F9', 'F10']",1593,1594,1.030282862
1590,d_1591,"['F1', 'F2', 'F3', 'F4', 'F5', 'F6', 'F7', 'F8', 'F9', 'F10']",1591,1592,0.697925243
1590,d_1591,"['F1', 'F2', 'F3', 'F4', 'F5', 'F6', 'F7', 'F8', 'F9', 'F10']",1592,1593,0.751270084
1590,d_1591,"['F1', 'F2', 'F3', 'F4', 'F5', 'F6', 'F7', 'F8', 'F9', 'F10']",1593,1594,0.797279909
1590,d_1591,"['F1', 'F2', 'F3', 'F4', 'F5', 'F6', 'F7', 'F8', 'F9', 'F10']",1594,1595,0.836963296
1590,d_1591,"['F1', 'F2', 'F3', 'F4', 'F5', 'F6', 'F7', 'F8', 'F9', 'F10']",1595,1596,0.871190144
1590,d_1591,"['F1', 'F2', 'F3', 'F4', 'F5', 'F6', 'F7', 'F8', 'F9', 'F10']",1596,1597,0.900710736
1590,d_1591,"['F1', 'F2', 'F3', 'F4', 'F5', 'F6', 'F7', 'F8', 'F9', 'F10']",1597,1598,0.926172191
1590,d_1591,"['F1', 'F2', 'F3', 'F4', 'F5', 'F6', 'F7', 'F8', 'F9', 'F10']",1598,1599,0.948132649
1590,d_1591,"['F1', 'F2', 'F3', 'F4', 'F5', 'F6', 'F7', 'F8', 'F9', 'F10']",1599,1600,0.967073502
1590,d_1591,"['F1', 'F2', 'F3', 'F4', 'F5', 'F6', 'F7', 'F8', 'F9', 'F10']",1600,1601,0.983409953
1597,d_1598,"['F1', 'F2', 'F3', 'F4', 'F5', 'F6', 'F7', 'F8', 'F9', 'F10']",1598,1599,0.41998495
1597,d_1598,"['F1', 'F2', 'F3', 'F4', 'F5', 'F6', 'F7', 'F8', 'F9', 'F10']",1599,1600,0.475702714
1597,d_1598,"['F1', 'F2', 'F3', 'F4', 'F5', 'F6', 'F7', 'F8', 'F9', 'F10']",1600,1601,0.523786474
1597,d_1598,"['F1', 'F2', 'F3', 'F4', 'F5', 'F6', 'F7', 'F8', 'F9', 'F10']",1601,1602,0.565282181
1597,d_1598,"['F1', 'F2', 'F3', 'F4', 'F5', 'F6', 'F7', 'F8', 'F9', 'F10']",1602,1603,0.601092477
1597,d_1598,"['F1', 'F2', 'F3', 'F4', 'F5', 'F6', 'F7', 'F8', 'F9', 'F10']",1603,1604,0.631996332
1597,d_1598,"['F1', 'F2', 'F3', 'F4', 'F5', 'F6', 'F7', 'F8', 'F9', 'F10']",1604,1605,0.658665988
1597,d_1598,"['F1', 'F2', 'F3', 'F4', 'F5', 'F6', 'F7', 'F8', 'F9', 'F10']",1605,1606,0.68168158
1597,d_1598,"['F1', 'F2', 'F3', 'F4', 'F5', 'F6', 'F7', 'F8', 'F9', 'F10']",1606,1607,0.701543759
1597,d_1598,"['F1', 'F2', 'F3', 'F4', 'F5', 'F6', 'F7', 'F8', 'F9', 'F10']",1607,1608,0.718684581
1604,d_1605,"['F1', 'F2', 'F3', 'F4', 'F5', 'F6', 'F7', 'F8', 'F9', 'F10']",1605,1606,0.317999147
1604,d_1605,"['F1', 'F2', 'F3', 'F4', 'F5', 'F6', 'F7', 'F8', 'F9', 'F10']",1606,1607,0.363241982
1604,d_1605,"['F1', 'F2', 'F3', 'F4', 'F5', 'F6', 'F7', 'F8', 'F9', 'F10']",1607,1608,0.402293315
1604,d_1605,"['F1', 'F2', 'F3', 'F4', 'F5', 'F6', 'F7', 'F8', 'F9', 'F10']",1608,1609,0.436000455
1604,d_1605,"['F1', 'F2', 'F3', 'F4', 'F5', 'F6', 'F7', 'F8', 'F9', 'F10']",1609,1610,0.465094757
1604,d_1605,"['F1', 'F2', 'F3', 'F4', 'F5', 'F6', 'F7', 'F8', 'F9', 'F10']",1610,1611,0.490207492
1604,d_1605,"['F1', 'F2', 'F3', 'F4', 'F5', 'F6', 'F7', 'F8', 'F9', 'F10']",1611,1612,0.511883537
1604,d_1605,"['F1', 'F2', 'F3', 'F4', 'F5', 'F6', 'F7', 'F8', 'F9', 'F10']",1612,1613,0.530593205
1604,d_1605,"['F1', 'F2', 'F3', 'F4', 'F5', 'F6', 'F7', 'F8', 'F9', 'F10']",1613,1614,0.546742447
1604,d_1605,"['F1', 'F2', 'F3', 'F4', 'F5', 'F6', 'F7', 'F8', 'F9', 'F10']",1614,1615,0.560681658
1611,d_1612,"['F1', 'F2', 'F3', 'F4', 'F5', 'F6', 'F7', 'F8', 'F9', 'F10']",1612,1613,0.24904879
1611,d_1612,"['F1', 'F2', 'F3', 'F4', 'F5', 'F6', 'F7', 'F8', 'F9', 'F10']",1613,1614,0.2847752
1611,d_1612,"['F1', 'F2', 'F3', 'F4', 'F5', 'F6', 'F7', 'F8', 'F9', 'F10']",1614,1615,0.315610131
1611,d_1612,"['F1', 'F2', 'F3', 'F4', 'F5', 'F6', 'F7', 'F8', 'F9', 'F10']",1615,1616,0.3422233
1611,d_1612,"['F1', 'F2', 'F3', 'F4', 'F5', 'F6', 'F7', 'F8', 'F9', 'F10']",1616,1617,0.365192729
1611,d_1612,"['F1', 'F2', 'F3', 'F4', 'F5', 'F6', 'F7', 'F8', 'F9', 'F10']",1617,1618,0.3850173
1611,d_1612,"['F1', 'F2', 'F3', 'F4', 'F5', 'F6', 'F7', 'F8', 'F9', 'F10']",1618,1619,0.402127592
1611,d_1612,"['F1', 'F2', 'F3', 'F4', 'F5', 'F6', 'F7', 'F8', 'F9', 'F10']",1619,1620,0.41689523
1611,d_1612,"['F1', 'F2', 'F3', 'F4', 'F5', 'F6', 'F7', 'F8', 'F9', 'F10']",1620,1621,0.429640958
1611,d_1612,"['F1', 'F2', 'F3', 'F4', 'F5', 'F6', 'F7', 'F8', 'F9', 'F10']",1621,1622,0.440641605
1618,d_1619,"['F1', 'F2', 'F3', 'F4', 'F5', 'F6', 'F7', 'F8', 'F9', 'F10']",1619,1620,0.470736664
1618,d_1619,"['F1', 'F2', 'F3', 'F4', 'F5', 'F6', 'F7', 'F8', 'F9', 'F10']",1620,1621,0.477198548
1618,d_1619,"['F1', 'F2', 'F3', 'F4', 'F5', 'F6', 'F7', 'F8', 'F9', 'F10']",1621,1622,0.482776057
1618,d_1619,"['F1', 'F2', 'F3', 'F4', 'F5', 'F6', 'F7', 'F8', 'F9', 'F10']",1622,1623,0.487590224
1618,d_1619,"['F1', 'F2', 'F3', 'F4', 'F5', 'F6', 'F7', 'F8', 'F9', 'F10']",1623,1624,0.491745523
1618,d_1619,"['F1', 'F2', 'F3', 'F4', 'F5', 'F6', 'F7', 'F8', 'F9', 'F10']",1624,1625,0.495332125
1618,d_1619,"['F1', 'F2', 'F3', 'F4', 'F5', 'F6', 'F7', 'F8', 'F9', 'F10']",1625,1626,0.498427863
1618,d_1619,"['F1', 'F2', 'F3', 'F4', 'F5', 'F6', 'F7', 'F8', 'F9', 'F10']",1626,1627,0.501099917
1618,d_1619,"['F1', 'F2', 'F3', 'F4', 'F5', 'F6', 'F7', 'F8', 'F9', 'F10']",1627,1628,0.503406273
1618,d_1619,"['F1', 'F2', 'F3', 'F4', 'F5', 'F6', 'F7', 'F8', 'F9', 'F10']",1628,1629,0.505396979
1625,d_1626,"['F1', 'F2', 'F3', 'F4', 'F5', 'F6', 'F7', 'F8', 'F9', 'F10']",1626,1627,1.034441712
1625,d_1626,"['F1', 'F2', 'F3', 'F4', 'F5', 'F6', 'F7', 'F8', 'F9', 'F10']",1627,1628,1.002433062
1625,d_1626,"['F1', 'F2', 'F3', 'F4', 'F5', 'F6', 'F7', 'F8', 'F9', 'F10']",1628,1629,0.974772475
1625,d_1626,"['F1', 'F2', 'F3', 'F4', 'F5', 'F6', 'F7', 'F8', 'F9', 'F10']",1629,1630,0.950869309
1625,d_1626,"['F1', 'F2', 'F3', 'F4', 'F5', 'F6', 'F7', 'F8', 'F9', 'F10']",1630,1631,0.930213156
1625,d_1626,"['F1', 'F2', 'F3', 'F4', 'F5', 'F6', 'F7', 'F8', 'F9', 'F10']",1631,1632,0.912362939
1625,d_1626,"['F1', 'F2', 'F3', 'F4', 'F5', 'F6', 'F7', 'F8', 'F9', 'F10']",1632,1633,0.8969375
1625,d_1626,"['F1', 'F2', 'F3', 'F4', 'F5', 'F6', 'F7', 'F8', 'F9', 'F10']",1633,1634,0.883607457
1625,d_1626,"['F1', 'F2', 'F3', 'F4', 'F5', 'F6', 'F7', 'F8', 'F9', 'F10']",1634,1635,0.872088171
1625,d_1626,"['F1', 'F2', 'F3', 'F4', 'F5', 'F6', 'F7', 'F8', 'F9', 'F10']",1635,1636,0.862133667
1632,d_1633,"['F1', 'F2', 'F3', 'F4', 'F5', 'F6', 'F7', 'F8', 'F9', 'F10']",1633,1634,1.690934901
1632,d_1633,"['F1', 'F2', 'F3', 'F4', 'F5', 'F6', 'F7', 'F8', 'F9', 'F10']",1634,1635,1.625642937
1632,d_1633,"['F1', 'F2', 'F3', 'F4', 'F5', 'F6', 'F7', 'F8', 'F9', 'F10']",1635,1636,1.56903457
1632,d_1633,"['F1', 'F2', 'F3', 'F4', 'F5', 'F6', 'F7', 'F8', 'F9', 'F10']",1636,1637,1.519954912
1632,d_1633,"['F1', 'F2', 'F3', 'F4', 'F5', 'F6', 'F7', 'F8', 'F9', 'F10']",1637,1638,1.477402673
1632,d_1633,"['F1', 'F2', 'F3', 'F4', 'F5', 'F6', 'F7', 'F8', 'F9', 'F10']",1638,1639,1.440509729
1632,d_1633,"['F1', 'F2', 'F3', 'F4', 'F5', 'F6', 'F7', 'F8', 'F9', 'F10']",1639,1640,1.408523414
1632,d_1633,"['F1', 'F2', 'F3', 'F4', 'F5', 'F6', 'F7', 'F8', 'F9', 'F10']",1640,1641,1.380791165
1632,d_1633,"['F1', 'F2', 'F3', 'F4', 'F5', 'F6', 'F7', 'F8', 'F9', 'F10']",1641,1642,1.356747204
1632,d_1633,"['F1', 'F2', 'F3', 'F4', 'F5', 'F6', 'F7', 'F8', 'F9', 'F10']",1642,1643,1.335901005
1639,d_1640,"['F1', 'F2', 'F3', 'F4', 'F5', 'F6', 'F7', 'F8', 'F9', 'F10']",1640,1641,1.195499177
1639,d_1640,"['F1', 'F2', 'F3', 'F4', 'F5', 'F6', 'F7', 'F8', 'F9', 'F10']",1641,1642,1.187633783
1639,d_1640,"['F1', 'F2', 'F3', 'F4', 'F5', 'F6', 'F7', 'F8', 'F9', 'F10']",1642,1643,1.180812699
1639,d_1640,"['F1', 'F2', 'F3', 'F4', 'F5', 'F6', 'F7', 'F8', 'F9', 'F10']",1643,1644,1.174897271
1639,d_1640,"['F1', 'F2', 'F3', 'F4', 'F5', 'F6', 'F7', 'F8', 'F9', 'F10']",1644,1645,1.16976725
1639,d_1640,"['F1', 'F2', 'F3', 'F4', 'F5', 'F6', 'F7', 'F8', 'F9', 'F10']",1645,1646,1.165318358
1639,d_1640,"['F1', 'F2', 'F3', 'F4', 'F5', 'F6', 'F7', 'F8', 'F9', 'F10']",1646,1647,1.161460157
1639,d_1640,"['F1', 'F2', 'F3', 'F4', 'F5', 'F6', 'F7', 'F8', 'F9', 'F10']",1647,1648,1.158114221
1639,d_1640,"['F1', 'F2', 'F3', 'F4', 'F5', 'F6', 'F7', 'F8', 'F9', 'F10']",1648,1649,1.155212534
1639,d_1640,"['F1', 'F2', 'F3', 'F4', 'F5', 'F6', 'F7', 'F8', 'F9', 'F10']",1649,1650,1.152696113
1646,d_1647,"['F1', 'F2', 'F3', 'F4', 'F5', 'F6', 'F7', 'F8', 'F9', 'F10']",1647,1648,1.758907753
1646,d_1647,"['F1', 'F2', 'F3', 'F4', 'F5', 'F6', 'F7', 'F8', 'F9', 'F10']",1648,1649,1.713021802
1646,d_1647,"['F1', 'F2', 'F3', 'F4', 'F5', 'F6', 'F7', 'F8', 'F9', 'F10']",1649,1650,1.673183323
1646,d_1647,"['F1', 'F2', 'F3', 'F4', 'F5', 'F6', 'F7', 'F8', 'F9', 'F10']",1650,1651,1.638595298
1646,d_1647,"['F1', 'F2', 'F3', 'F4', 'F5', 'F6', 'F7', 'F8', 'F9', 'F10']",1651,1652,1.608565752
1646,d_1647,"['F1', 'F2', 'F3', 'F4', 'F5', 'F6', 'F7', 'F8', 'F9', 'F10']",1652,1653,1.582493905
1646,d_1647,"['F1', 'F2', 'F3', 'F4', 'F5', 'F6', 'F7', 'F8', 'F9', 'F10']",1653,1654,1.55985816
1646,d_1647,"['F1', 'F2', 'F3', 'F4', 'F5', 'F6', 'F7', 'F8', 'F9', 'F10']",1654,1655,1.54020566
1646,d_1647,"['F1', 'F2', 'F3', 'F4', 'F5', 'F6', 'F7', 'F8', 'F9', 'F10']",1655,1656,1.523143232
1646,d_1647,"['F1', 'F2', 'F3', 'F4', 'F5', 'F6', 'F7', 'F8', 'F9', 'F10']",1656,1657,1.508329522
1653,d_1654,"['F1', 'F2', 'F3', 'F4', 'F5', 'F6', 'F7', 'F8', 'F9', 'F10']",1654,1655,1.598666016
1653,d_1654,"['F1', 'F2', 'F3', 'F4', 'F5', 'F6', 'F7', 'F8', 'F9', 'F10']",1655,1656,1.59483535
1653,d_1654,"['F1', 'F2', 'F3', 'F4', 'F5', 'F6', 'F7', 'F8', 'F9', 'F10']",1656,1657,1.591516224
1653,d_1654,"['F1', 'F2', 'F3', 'F4', 'F5', 'F6', 'F7', 'F8', 'F9', 'F10']",1657,1658,1.588640328
1653,d_1654,"['F1', 'F2', 'F3', 'F4', 'F5', 'F6', 'F7', 'F8', 'F9', 'F10']",1658,1659,1.586148475
1653,d_1654,"['F1', 'F2', 'F3', 'F4', 'F5', 'F6', 'F7', 'F8', 'F9', 'F10']",1659,1660,1.583989379
1653,d_1654,"['F1', 'F2', 'F3', 'F4', 'F5', 'F6', 'F7', 'F8', 'F9', 'F10']",1660,1661,1.582118605
1653,d_1654,"['F1', 'F2', 'F3', 'F4', 'F5', 'F6', 'F7', 'F8', 'F9', 'F10']",1661,1662,1.580497651
1653,d_1654,"['F1', 'F2', 'F3', 'F4', 'F5', 'F6', 'F7', 'F8', 'F9', 'F10']",1662,1663,1.579093156
1653,d_1654,"['F1', 'F2', 'F3', 'F4', 'F5', 'F6', 'F7', 'F8', 'F9', 'F10']",1663,1664,1.577876215
1660,d_1661,"['F1', 'F2', 'F3', 'F4', 'F5', 'F6', 'F7', 'F8', 'F9', 'F10']",1661,1662,2.283000469
1660,d_1661,"['F1', 'F2', 'F3', 'F4', 'F5', 'F6', 'F7', 'F8', 'F9', 'F10']",1662,1663,1.922709956
1660,d_1661,"['F1', 'F2', 'F3', 'F4', 'F5', 'F6', 'F7', 'F8', 'F9', 'F10']",1663,1664,2.022041872
1660,d_1661,"['F1', 'F2', 'F3', 'F4', 'F5', 'F6', 'F7', 'F8', 'F9', 'F10']",1664,1665,1.81844232
1660,d_1661,"['F1', 'F2', 'F3', 'F4', 'F5', 'F6', 'F7', 'F8', 'F9', 'F10']",1665,1666,1.673132445
1660,d_1661,"['F1', 'F2', 'F3', 'F4', 'F5', 'F6', 'F7', 'F8', 'F9', 'F10']",1666,1667,1.671452399
1660,d_1661,"['F1', 'F2', 'F3', 'F4', 'F5', 'F6', 'F7', 'F8', 'F9', 'F10']",1667,1668,1.727924803
1660,d_1661,"['F1', 'F2', 'F3', 'F4', 'F5', 'F6', 'F7', 'F8', 'F9', 'F10']",1668,1669,1.593866846
1660,d_1661,"['F1', 'F2', 'F3', 'F4', 'F5', 'F6', 'F7', 'F8', 'F9', 'F10']",1669,1670,1.66332667
1660,d_1661,"['F1', 'F2', 'F3', 'F4', 'F5', 'F6', 'F7', 'F8', 'F9', 'F10']",1670,1671,1.795522285
1667,d_1668,"['F1', 'F2', 'F3', 'F4', 'F5', 'F6', 'F7', 'F8', 'F9', 'F10']",1668,1669,1.160997746
1667,d_1668,"['F1', 'F2', 'F3', 'F4', 'F5', 'F6', 'F7', 'F8', 'F9', 'F10']",1669,1670,1.215204456
1667,d_1668,"['F1', 'F2', 'F3', 'F4', 'F5', 'F6', 'F7', 'F8', 'F9', 'F10']",1670,1671,1.370137611
1667,d_1668,"['F1', 'F2', 'F3', 'F4', 'F5', 'F6', 'F7', 'F8', 'F9', 'F10']",1671,1672,1.333555031
1667,d_1668,"['F1', 'F2', 'F3', 'F4', 'F5', 'F6', 'F7', 'F8', 'F9', 'F10']",1672,1673,1.240264604
1667,d_1668,"['F1', 'F2', 'F3', 'F4', 'F5', 'F6', 'F7', 'F8', 'F9', 'F10']",1673,1674,1.513485631
1667,d_1668,"['F1', 'F2', 'F3', 'F4', 'F5', 'F6', 'F7', 'F8', 'F9', 'F10']",1674,1675,1.42381824
1667,d_1668,"['F1', 'F2', 'F3', 'F4', 'F5', 'F6', 'F7', 'F8', 'F9', 'F10']",1675,1676,1.372301983
1667,d_1668,"['F1', 'F2', 'F3', 'F4', 'F5', 'F6', 'F7', 'F8', 'F9', 'F10']",1676,1677,1.258939335
1667,d_1668,"['F1', 'F2', 'F3', 'F4', 'F5', 'F6', 'F7', 'F8', 'F9', 'F10']",1677,1678,1.255995096
1674,d_1675,"['F1', 'F2', 'F3', 'F4', 'F5', 'F6', 'F7', 'F8', 'F9', 'F10']",1675,1676,1.71941023
1674,d_1675,"['F1', 'F2', 'F3', 'F4', 'F5', 'F6', 'F7', 'F8', 'F9', 'F10']",1676,1677,1.523088194
1674,d_1675,"['F1', 'F2', 'F3', 'F4', 'F5', 'F6', 'F7', 'F8', 'F9', 'F10']",1677,1678,1.5758443
1674,d_1675,"['F1', 'F2', 'F3', 'F4', 'F5', 'F6', 'F7', 'F8', 'F9', 'F10']",1678,1679,1.575898179
1674,d_1675,"['F1', 'F2', 'F3', 'F4', 'F5', 'F6', 'F7', 'F8', 'F9', 'F10']",1679,1680,1.665231964
1674,d_1675,"['F1', 'F2', 'F3', 'F4', 'F5', 'F6', 'F7', 'F8', 'F9', 'F10']",1680,1681,1.746267445
1674,d_1675,"['F1', 'F2', 'F3', 'F4', 'F5', 'F6', 'F7', 'F8', 'F9', 'F10']",1681,1682,1.51792107
1674,d_1675,"['F1', 'F2', 'F3', 'F4', 'F5', 'F6', 'F7', 'F8', 'F9', 'F10']",1682,1683,1.65742404
1674,d_1675,"['F1', 'F2', 'F3', 'F4', 'F5', 'F6', 'F7', 'F8', 'F9', 'F10']",1683,1684,1.50319083
1674,d_1675,"['F1', 'F2', 'F3', 'F4', 'F5', 'F6', 'F7', 'F8', 'F9', 'F10']",1684,1685,1.704015523
1681,d_1682,"['F1', 'F2', 'F3', 'F4', 'F5', 'F6', 'F7', 'F8', 'F9', 'F10']",1682,1683,1.791480111
1681,d_1682,"['F1', 'F2', 'F3', 'F4', 'F5', 'F6', 'F7', 'F8', 'F9', 'F10']",1683,1684,1.633702558
1681,d_1682,"['F1', 'F2', 'F3', 'F4', 'F5', 'F6', 'F7', 'F8', 'F9', 'F10']",1684,1685,1.90783878
1681,d_1682,"['F1', 'F2', 'F3', 'F4', 'F5', 'F6', 'F7', 'F8', 'F9', 'F10']",1685,1686,1.87116466
1681,d_1682,"['F1', 'F2', 'F3', 'F4', 'F5', 'F6', 'F7', 'F8', 'F9', 'F10']",1686,1687,1.693734838
1681,d_1682,"['F1', 'F2', 'F3', 'F4', 'F5', 'F6', 'F7', 'F8', 'F9', 'F10']",1687,1688,1.73549653
1681,d_1682,"['F1', 'F2', 'F3', 'F4', 'F5', 'F6', 'F7', 'F8', 'F9', 'F10']",1688,1689,1.713286772
1681,d_1682,"['F1', 'F2', 'F3', 'F4', 'F5', 'F6', 'F7', 'F8', 'F9', 'F10']",1689,1690,1.656087421
1681,d_1682,"['F1', 'F2', 'F3', 'F4', 'F5', 'F6', 'F7', 'F8', 'F9', 'F10']",1690,1691,1.662943647
1681,d_1682,"['F1', 'F2', 'F3', 'F4', 'F5', 'F6', 'F7', 'F8', 'F9', 'F10']",1691,1692,1.868737927
1688,d_1689,"['F1', 'F2', 'F3', 'F4', 'F5', 'F6', 'F7', 'F8', 'F9', 'F10']",1689,1690,2.074391702
1688,d_1689,"['F1', 'F2', 'F3', 'F4', 'F5', 'F6', 'F7', 'F8', 'F9', 'F10']",1690,1691,2.044707773
1688,d_1689,"['F1', 'F2', 'F3', 'F4', 'F5', 'F6', 'F7', 'F8', 'F9', 'F10']",1691,1692,2.018984316
1688,d_1689,"['F1', 'F2', 'F3', 'F4', 'F5', 'F6', 'F7', 'F8', 'F9', 'F10']",1692,1693,1.996692921
1688,d_1689,"['F1', 'F2', 'F3', 'F4', 'F5', 'F6', 'F7', 'F8', 'F9', 'F10']",1693,1694,1.977375675
1688,d_1689,"['F1', 'F2', 'F3', 'F4', 'F5', 'F6', 'F7', 'F8', 'F9', 'F10']",1694,1695,1.960635764
1688,d_1689,"['F1', 'F2', 'F3', 'F4', 'F5', 'F6', 'F7', 'F8', 'F9', 'F10']",1695,1696,1.946129315
1688,d_1689,"['F1', 'F2', 'F3', 'F4', 'F5', 'F6', 'F7', 'F8', 'F9', 'F10']",1696,1697,1.933558338
1688,d_1689,"['F1', 'F2', 'F3', 'F4', 'F5', 'F6', 'F7', 'F8', 'F9', 'F10']",1697,1698,1.922664599
1688,d_1689,"['F1', 'F2', 'F3', 'F4', 'F5', 'F6', 'F7', 'F8', 'F9', 'F10']",1698,1699,1.913224319
1695,d_1696,"['F1', 'F2', 'F3', 'F4', 'F5', 'F6', 'F7', 'F8', 'F9', 'F10']",1696,1697,1.473685774
1695,d_1696,"['F1', 'F2', 'F3', 'F4', 'F5', 'F6', 'F7', 'F8', 'F9', 'F10']",1697,1698,1.373631342
1695,d_1696,"['F1', 'F2', 'F3', 'F4', 'F5', 'F6', 'F7', 'F8', 'F9', 'F10']",1698,1699,1.461527045
1695,d_1696,"['F1', 'F2', 'F3', 'F4', 'F5', 'F6', 'F7', 'F8', 'F9', 'F10']",1699,1700,1.502375155
1695,d_1696,"['F1', 'F2', 'F3', 'F4', 'F5', 'F6', 'F7', 'F8', 'F9', 'F10']",1700,1701,1.310310952
1695,d_1696,"['F1', 'F2', 'F3', 'F4', 'F5', 'F6', 'F7', 'F8', 'F9', 'F10']",1701,1702,1.780163926
1695,d_1696,"['F1', 'F2', 'F3', 'F4', 'F5', 'F6', 'F7', 'F8', 'F9', 'F10']",1702,1703,1.441589423
1695,d_1696,"['F1', 'F2', 'F3', 'F4', 'F5', 'F6', 'F7', 'F8', 'F9', 'F10']",1703,1704,1.536489486
1695,d_1696,"['F1', 'F2', 'F3', 'F4', 'F5', 'F6', 'F7', 'F8', 'F9', 'F10']",1704,1705,1.551317478
1695,d_1696,"['F1', 'F2', 'F3', 'F4', 'F5', 'F6', 'F7', 'F8', 'F9', 'F10']",1705,1706,1.3988221
1702,d_1703,"['F1', 'F2', 'F3', 'F4', 'F5', 'F6', 'F7', 'F8', 'F9', 'F10']",1703,1704,1.807145539
1702,d_1703,"['F1', 'F2', 'F3', 'F4', 'F5', 'F6', 'F7', 'F8', 'F9', 'F10']",1704,1705,1.792379692
1702,d_1703,"['F1', 'F2', 'F3', 'F4', 'F5', 'F6', 'F7', 'F8', 'F9', 'F10']",1705,1706,1.779582711
1702,d_1703,"['F1', 'F2', 'F3', 'F4', 'F5', 'F6', 'F7', 'F8', 'F9', 'F10']",1706,1707,1.768492068
1702,d_1703,"['F1', 'F2', 'F3', 'F4', 'F5', 'F6', 'F7', 'F8', 'F9', 'F10']",1707,1708,1.758880243
1702,d_1703,"['F1', 'F2', 'F3', 'F4', 'F5', 'F6', 'F7', 'F8', 'F9', 'F10']",1708,1709,1.75055005
1702,d_1703,"['F1', 'F2', 'F3', 'F4', 'F5', 'F6', 'F7', 'F8', 'F9', 'F10']",1709,1710,1.743330598
1702,d_1703,"['F1', 'F2', 'F3', 'F4', 'F5', 'F6', 'F7', 'F8', 'F9', 'F10']",1710,1711,1.737073782
1702,d_1703,"['F1', 'F2', 'F3', 'F4', 'F5', 'F6', 'F7', 'F8', 'F9', 'F10']",1711,1712,1.731651244
1702,d_1703,"['F1', 'F2', 'F3', 'F4', 'F5', 'F6', 'F7', 'F8', 'F9', 'F10']",1712,1713,1.726951743
1709,d_1710,"['F1', 'F2', 'F3', 'F4', 'F5', 'F6', 'F7', 'F8', 'F9', 'F10']",1710,1711,1.010567174
1709,d_1710,"['F1', 'F2', 'F3', 'F4', 'F5', 'F6', 'F7', 'F8', 'F9', 'F10']",1711,1712,0.902673487
1709,d_1710,"['F1', 'F2', 'F3', 'F4', 'F5', 'F6', 'F7', 'F8', 'F9', 'F10']",1712,1713,1.069322261
1709,d_1710,"['F1', 'F2', 'F3', 'F4', 'F5', 'F6', 'F7', 'F8', 'F9', 'F10']",1713,1714,0.956905393
1709,d_1710,"['F1', 'F2', 'F3', 'F4', 'F5', 'F6', 'F7', 'F8', 'F9', 'F10']",1714,1715,1.068361706
1709,d_1710,"['F1', 'F2', 'F3', 'F4', 'F5', 'F6', 'F7', 'F8', 'F9', 'F10']",1715,1716,1.373807747
1709,d_1710,"['F1', 'F2', 'F3', 'F4', 'F5', 'F6', 'F7', 'F8', 'F9', 'F10']",1716,1717,1.206431042
1709,d_1710,"['F1', 'F2', 'F3', 'F4', 'F5', 'F6', 'F7', 'F8', 'F9', 'F10']",1717,1718,1.247415876
1709,d_1710,"['F1', 'F2', 'F3', 'F4', 'F5', 'F6', 'F7', 'F8', 'F9', 'F10']",1718,1719,1.197626759
1709,d_1710,"['F1', 'F2', 'F3', 'F4', 'F5', 'F6', 'F7', 'F8', 'F9', 'F10']",1719,1720,1.14976877
1716,d_1717,"['F1', 'F2', 'F3', 'F4', 'F5', 'F6', 'F7', 'F8', 'F9', 'F10']",1717,1718,1.786339312
1716,d_1717,"['F1', 'F2', 'F3', 'F4', 'F5', 'F6', 'F7', 'F8', 'F9', 'F10']",1718,1719,1.609243505
1716,d_1717,"['F1', 'F2', 'F3', 'F4', 'F5', 'F6', 'F7', 'F8', 'F9', 'F10']",1719,1720,1.611423192
1716,d_1717,"['F1', 'F2', 'F3', 'F4', 'F5', 'F6', 'F7', 'F8', 'F9', 'F10']",1720,1721,1.509805752
1716,d_1717,"['F1', 'F2', 'F3', 'F4', 'F5', 'F6', 'F7', 'F8', 'F9', 'F10']",1721,1722,1.771746752
1716,d_1717,"['F1', 'F2', 'F3', 'F4', 'F5', 'F6', 'F7', 'F8', 'F9', 'F10']",1722,1723,1.454436614
1716,d_1717,"['F1', 'F2', 'F3', 'F4', 'F5', 'F6', 'F7', 'F8', 'F9', 'F10']",1723,1724,1.564350898
1716,d_1717,"['F1', 'F2', 'F3', 'F4', 'F5', 'F6', 'F7', 'F8', 'F9', 'F10']",1724,1725,1.538287447
1716,d_1717,"['F1', 'F2', 'F3', 'F4', 'F5', 'F6', 'F7', 'F8', 'F9', 'F10']",1725,1726,1.515626172
1716,d_1717,"['F1', 'F2', 'F3', 'F4', 'F5', 'F6', 'F7', 'F8', 'F9', 'F10']",1726,1727,1.504746983
1723,d_1724,"['F1', 'F2', 'F3', 'F4', 'F5', 'F6', 'F7', 'F8', 'F9', 'F10']",1724,1725,1.773010188
1723,d_1724,"['F1', 'F2', 'F3', 'F4', 'F5', 'F6', 'F7', 'F8', 'F9', 'F10']",1725,1726,1.746519665
1723,d_1724,"['F1', 'F2', 'F3', 'F4', 'F5', 'F6', 'F7', 'F8', 'F9', 'F10']",1726,1727,1.704961707
1723,d_1724,"['F1', 'F2', 'F3', 'F4', 'F5', 'F6', 'F7', 'F8', 'F9', 'F10']",1727,1728,1.696592328
1723,d_1724,"['F1', 'F2', 'F3', 'F4', 'F5', 'F6', 'F7', 'F8', 'F9', 'F10']",1728,1729,1.835131597
1723,d_1724,"['F1', 'F2', 'F3', 'F4', 'F5', 'F6', 'F7', 'F8', 'F9', 'F10']",1729,1730,1.66910089
1723,d_1724,"['F1', 'F2', 'F3', 'F4', 'F5', 'F6', 'F7', 'F8', 'F9', 'F10']",1730,1731,1.884198601
1723,d_1724,"['F1', 'F2', 'F3', 'F4', 'F5', 'F6', 'F7', 'F8', 'F9', 'F10']",1731,1732,1.565650897
1723,d_1724,"['F1', 'F2', 'F3', 'F4', 'F5', 'F6', 'F7', 'F8', 'F9', 'F10']",1732,1733,1.555693383
1723,d_1724,"['F1', 'F2', 'F3', 'F4', 'F5', 'F6', 'F7', 'F8', 'F9', 'F10']",1733,1734,1.548081901
1730,d_1731,"['F1', 'F2', 'F3', 'F4', 'F5', 'F6', 'F7', 'F8', 'F9', 'F10']",1731,1732,1.736170954
1730,d_1731,"['F1', 'F2', 'F3', 'F4', 'F5', 'F6', 'F7', 'F8', 'F9', 'F10']",1732,1733,1.720291224
1730,d_1731,"['F1', 'F2', 'F3', 'F4', 'F5', 'F6', 'F7', 'F8', 'F9', 'F10']",1733,1734,1.706494105
1730,d_1731,"['F1', 'F2', 'F3', 'F4', 'F5', 'F6', 'F7', 'F8', 'F9', 'F10']",1734,1735,1.694506465
1730,d_1731,"['F1', 'F2', 'F3', 'F4', 'F5', 'F6', 'F7', 'F8', 'F9', 'F10']",1735,1736,1.684090992
1730,d_1731,"['F1', 'F2', 'F3', 'F4', 'F5', 'F6', 'F7', 'F8', 'F9', 'F10']",1736,1737,1.675041499
1730,d_1731,"['F1', 'F2', 'F3', 'F4', 'F5', 'F6', 'F7', 'F8', 'F9', 'F10']",1737,1738,1.667178838
1730,d_1731,"['F1', 'F2', 'F3', 'F4', 'F5', 'F6', 'F7', 'F8', 'F9', 'F10']",1738,1739,1.660347358
1730,d_1731,"['F1', 'F2', 'F3', 'F4', 'F5', 'F6', 'F7', 'F8', 'F9', 'F10']",1739,1740,1.65441182
1730,d_1731,"['F1', 'F2', 'F3', 'F4', 'F5', 'F6', 'F7', 'F8', 'F9', 'F10']",1740,1741,1.649254722
1737,d_1738,"['F1', 'F2', 'F3', 'F4', 'F5', 'F6', 'F7', 'F8', 'F9', 'F10']",1738,1739,2.00389362
1737,d_1738,"['F1', 'F2', 'F3', 'F4', 'F5', 'F6', 'F7', 'F8', 'F9', 'F10']",1739,1740,2.145856612
1737,d_1738,"['F1', 'F2', 'F3', 'F4', 'F5', 'F6', 'F7', 'F8', 'F9', 'F10']",1740,1741,2.314215994
1737,d_1738,"['F1', 'F2', 'F3', 'F4', 'F5', 'F6', 'F7', 'F8', 'F9', 'F10']",1741,1742,1.94298015
1737,d_1738,"['F1', 'F2', 'F3', 'F4', 'F5', 'F6', 'F7', 'F8', 'F9', 'F10']",1742,1743,2.6628249
1737,d_1738,"['F1', 'F2', 'F3', 'F4', 'F5', 'F6', 'F7', 'F8', 'F9', 'F10']",1743,1744,1.9369104
1737,d_1738,"['F1', 'F2', 'F3', 'F4', 'F5', 'F6', 'F7', 'F8', 'F9', 'F10']",1744,1745,1.81680571
1737,d_1738,"['F1', 'F2', 'F3', 'F4', 'F5', 'F6', 'F7', 'F8', 'F9', 'F10']",1745,1746,1.965888246
1737,d_1738,"['F1', 'F2', 'F3', 'F4', 'F5', 'F6', 'F7', 'F8', 'F9', 'F10']",1746,1747,2.022806029
1737,d_1738,"['F1', 'F2', 'F3', 'F4', 'F5', 'F6', 'F7', 'F8', 'F9', 'F10']",1747,1748,2.673649247
1744,d_1745,"['F1', 'F2', 'F3', 'F4', 'F5', 'F6', 'F7', 'F8', 'F9', 'F10']",1745,1746,2.745324043
1744,d_1745,"['F1', 'F2', 'F3', 'F4', 'F5', 'F6', 'F7', 'F8', 'F9', 'F10']",1746,1747,2.68686757
1744,d_1745,"['F1', 'F2', 'F3', 'F4', 'F5', 'F6', 'F7', 'F8', 'F9', 'F10']",1747,1748,3.24698192
1744,d_1745,"['F1', 'F2', 'F3', 'F4', 'F5', 'F6', 'F7', 'F8', 'F9', 'F10']",1748,1749,2.575772705
1744,d_1745,"['F1', 'F2', 'F3', 'F4', 'F5', 'F6', 'F7', 'F8', 'F9', 'F10']",1749,1750,2.561902273
1744,d_1745,"['F1', 'F2', 'F3', 'F4', 'F5', 'F6', 'F7', 'F8', 'F9', 'F10']",1750,1751,2.604018653
1744,d_1745,"['F1', 'F2', 'F3', 'F4', 'F5', 'F6', 'F7', 'F8', 'F9', 'F10']",1751,1752,2.333236923
1744,d_1745,"['F1', 'F2', 'F3', 'F4', 'F5', 'F6', 'F7', 'F8', 'F9', 'F10']",1752,1753,2.660137052
1744,d_1745,"['F1', 'F2', 'F3', 'F4', 'F5', 'F6', 'F7', 'F8', 'F9', 'F10']",1753,1754,2.479694038
1744,d_1745,"['F1', 'F2', 'F3', 'F4', 'F5', 'F6', 'F7', 'F8', 'F9', 'F10']",1754,1755,2.373563662
1751,d_1752,"['F1', 'F2', 'F3', 'F4', 'F5', 'F6', 'F7', 'F8', 'F9', 'F10']",1752,1753,2.779519426
1751,d_1752,"['F1', 'F2', 'F3', 'F4', 'F5', 'F6', 'F7', 'F8', 'F9', 'F10']",1753,1754,2.499946471
1751,d_1752,"['F1', 'F2', 'F3', 'F4', 'F5', 'F6', 'F7', 'F8', 'F9', 'F10']",1754,1755,2.451695546
1751,d_1752,"['F1', 'F2', 'F3', 'F4', 'F5', 'F6', 'F7', 'F8', 'F9', 'F10']",1755,1756,2.539213507
1751,d_1752,"['F1', 'F2', 'F3', 'F4', 'F5', 'F6', 'F7', 'F8', 'F9', 'F10']",1756,1757,2.433931976
1751,d_1752,"['F1', 'F2', 'F3', 'F4', 'F5', 'F6', 'F7', 'F8', 'F9', 'F10']",1757,1758,2.620656508
1751,d_1752,"['F1', 'F2', 'F3', 'F4', 'F5', 'F6', 'F7', 'F8', 'F9', 'F10']",1758,1759,2.459226826
1751,d_1752,"['F1', 'F2', 'F3', 'F4', 'F5', 'F6', 'F7', 'F8', 'F9', 'F10']",1759,1760,2.438963296
1751,d_1752,"['F1', 'F2', 'F3', 'F4', 'F5', 'F6', 'F7', 'F8', 'F9', 'F10']",1760,1761,2.208672064
1751,d_1752,"['F1', 'F2', 'F3', 'F4', 'F5', 'F6', 'F7', 'F8', 'F9', 'F10']",1761,1762,2.368660199
1758,d_1759,"['F1', 'F2', 'F3', 'F4', 'F5', 'F6', 'F7', 'F8', 'F9', 'F10']",1759,1760,2.923030297
1758,d_1759,"['F1', 'F2', 'F3', 'F4', 'F5', 'F6', 'F7', 'F8', 'F9', 'F10']",1760,1761,2.594554424
1758,d_1759,"['F1', 'F2', 'F3', 'F4', 'F5', 'F6', 'F7', 'F8', 'F9', 'F10']",1761,1762,2.632347881
1758,d_1759,"['F1', 'F2', 'F3', 'F4', 'F5', 'F6', 'F7', 'F8', 'F9', 'F10']",1762,1763,2.637314884
1758,d_1759,"['F1', 'F2', 'F3', 'F4', 'F5', 'F6', 'F7', 'F8', 'F9', 'F10']",1763,1764,2.531185941
1758,d_1759,"['F1', 'F2', 'F3', 'F4', 'F5', 'F6', 'F7', 'F8', 'F9', 'F10']",1764,1765,3.022495487
1758,d_1759,"['F1', 'F2', 'F3', 'F4', 'F5', 'F6', 'F7', 'F8', 'F9', 'F10']",1765,1766,2.550495711
1758,d_1759,"['F1', 'F2', 'F3', 'F4', 'F5', 'F6', 'F7', 'F8', 'F9', 'F10']",1766,1767,2.750905254
1758,d_1759,"['F1', 'F2', 'F3', 'F4', 'F5', 'F6', 'F7', 'F8', 'F9', 'F10']",1767,1768,2.602071982
1758,d_1759,"['F1', 'F2', 'F3', 'F4', 'F5', 'F6', 'F7', 'F8', 'F9', 'F10']",1768,1769,2.364346361
1765,d_1766,"['F1', 'F2', 'F3', 'F4', 'F5', 'F6', 'F7', 'F8', 'F9', 'F10']",1766,1767,1.522355697
1765,d_1766,"['F1', 'F2', 'F3', 'F4', 'F5', 'F6', 'F7', 'F8', 'F9', 'F10']",1767,1768,1.470008925
1765,d_1766,"['F1', 'F2', 'F3', 'F4', 'F5', 'F6', 'F7', 'F8', 'F9', 'F10']",1768,1769,1.366700998
1765,d_1766,"['F1', 'F2', 'F3', 'F4', 'F5', 'F6', 'F7', 'F8', 'F9', 'F10']",1769,1770,1.34497362
1765,d_1766,"['F1', 'F2', 'F3', 'F4', 'F5', 'F6', 'F7', 'F8', 'F9', 'F10']",1770,1771,1.429019661
1765,d_1766,"['F1', 'F2', 'F3', 'F4', 'F5', 'F6', 'F7', 'F8', 'F9', 'F10']",1771,1772,2.211131213
1765,d_1766,"['F1', 'F2', 'F3', 'F4', 'F5', 'F6', 'F7', 'F8', 'F9', 'F10']",1772,1773,1.610128963
1765,d_1766,"['F1', 'F2', 'F3', 'F4', 'F5', 'F6', 'F7', 'F8', 'F9', 'F10']",1773,1774,1.527738643
1765,d_1766,"['F1', 'F2', 'F3', 'F4', 'F5', 'F6', 'F7', 'F8', 'F9', 'F10']",1774,1775,1.574762271
1765,d_1766,"['F1', 'F2', 'F3', 'F4', 'F5', 'F6', 'F7', 'F8', 'F9', 'F10']",1775,1776,1.740305559
1772,d_1773,"['F1', 'F2', 'F3', 'F4', 'F5', 'F6', 'F7', 'F8', 'F9', 'F10']",1773,1774,2.001423441
1772,d_1773,"['F1', 'F2', 'F3', 'F4', 'F5', 'F6', 'F7', 'F8', 'F9', 'F10']",1774,1775,2.007341014
1772,d_1773,"['F1', 'F2', 'F3', 'F4', 'F5', 'F6', 'F7', 'F8', 'F9', 'F10']",1775,1776,2.012509368
1772,d_1773,"['F1', 'F2', 'F3', 'F4', 'F5', 'F6', 'F7', 'F8', 'F9', 'F10']",1776,1777,2.017023362
1772,d_1773,"['F1', 'F2', 'F3', 'F4', 'F5', 'F6', 'F7', 'F8', 'F9', 'F10']",1777,1778,2.020965842
1772,d_1773,"['F1', 'F2', 'F3', 'F4', 'F5', 'F6', 'F7', 'F8', 'F9', 'F10']",1778,1779,2.024409169
1772,d_1773,"['F1', 'F2', 'F3', 'F4', 'F5', 'F6', 'F7', 'F8', 'F9', 'F10']",1779,1780,2.027416539
1772,d_1773,"['F1', 'F2', 'F3', 'F4', 'F5', 'F6', 'F7', 'F8', 'F9', 'F10']",1780,1781,2.030043148
1772,d_1773,"['F1', 'F2', 'F3', 'F4', 'F5', 'F6', 'F7', 'F8', 'F9', 'F10']",1781,1782,2.032337205
1772,d_1773,"['F1', 'F2', 'F3', 'F4', 'F5', 'F6', 'F7', 'F8', 'F9', 'F10']",1782,1783,2.034340813
1779,d_1780,"['F1', 'F2', 'F3', 'F4', 'F5', 'F6', 'F7', 'F8', 'F9', 'F10']",1780,1781,1.690886359
1779,d_1780,"['F1', 'F2', 'F3', 'F4', 'F5', 'F6', 'F7', 'F8', 'F9', 'F10']",1781,1782,1.719166673
1779,d_1780,"['F1', 'F2', 'F3', 'F4', 'F5', 'F6', 'F7', 'F8', 'F9', 'F10']",1782,1783,1.743878404
1779,d_1780,"['F1', 'F2', 'F3', 'F4', 'F5', 'F6', 'F7', 'F8', 'F9', 'F10']",1783,1784,1.765471858
1779,d_1780,"['F1', 'F2', 'F3', 'F4', 'F5', 'F6', 'F7', 'F8', 'F9', 'F10']",1784,1785,1.784340518
1779,d_1780,"['F1', 'F2', 'F3', 'F4', 'F5', 'F6', 'F7', 'F8', 'F9', 'F10']",1785,1786,1.800828215
1779,d_1780,"['F1', 'F2', 'F3', 'F4', 'F5', 'F6', 'F7', 'F8', 'F9', 'F10']",1786,1787,1.815235394
1779,d_1780,"['F1', 'F2', 'F3', 'F4', 'F5', 'F6', 'F7', 'F8', 'F9', 'F10']",1787,1788,1.827824587
1779,d_1780,"['F1', 'F2', 'F3', 'F4', 'F5', 'F6', 'F7', 'F8', 'F9', 'F10']",1788,1789,1.838825199
1779,d_1780,"['F1', 'F2', 'F3', 'F4', 'F5', 'F6', 'F7', 'F8', 'F9', 'F10']",1789,1790,1.848437687
1786,d_1787,"['F1', 'F2', 'F3', 'F4', 'F5', 'F6', 'F7', 'F8', 'F9', 'F10']",1787,1788,1.769838609
1786,d_1787,"['F1', 'F2', 'F3', 'F4', 'F5', 'F6', 'F7', 'F8', 'F9', 'F10']",1788,1789,1.785414321
1786,d_1787,"['F1', 'F2', 'F3', 'F4', 'F5', 'F6', 'F7', 'F8', 'F9', 'F10']",1789,1790,1.799026381
1786,d_1787,"['F1', 'F2', 'F3', 'F4', 'F5', 'F6', 'F7', 'F8', 'F9', 'F10']",1790,1791,1.81092235
1786,d_1787,"['F1', 'F2', 'F3', 'F4', 'F5', 'F6', 'F7', 'F8', 'F9', 'F10']",1791,1792,1.821318578
1786,d_1787,"['F1', 'F2', 'F3', 'F4', 'F5', 'F6', 'F7', 'F8', 'F9', 'F10']",1792,1793,1.830404139
1786,d_1787,"['F1', 'F2', 'F3', 'F4', 'F5', 'F6', 'F7', 'F8', 'F9', 'F10']",1793,1794,1.838344271
1786,d_1787,"['F1', 'F2', 'F3', 'F4', 'F5', 'F6', 'F7', 'F8', 'F9', 'F10']",1794,1795,1.845283379
1786,d_1787,"['F1', 'F2', 'F3', 'F4', 'F5', 'F6', 'F7', 'F8', 'F9', 'F10']",1795,1796,1.851347665
1786,d_1787,"['F1', 'F2', 'F3', 'F4', 'F5', 'F6', 'F7', 'F8', 'F9', 'F10']",1796,1797,1.856647418
1793,d_1794,"['F1', 'F2', 'F3', 'F4', 'F5', 'F6', 'F7', 'F8', 'F9', 'F10']",1794,1795,1.429260673
1793,d_1794,"['F1', 'F2', 'F3', 'F4', 'F5', 'F6', 'F7', 'F8', 'F9', 'F10']",1795,1796,1.466889652
1793,d_1794,"['F1', 'F2', 'F3', 'F4', 'F5', 'F6', 'F7', 'F8', 'F9', 'F10']",1796,1797,1.499784574
1793,d_1794,"['F1', 'F2', 'F3', 'F4', 'F5', 'F6', 'F7', 'F8', 'F9', 'F10']",1797,1798,1.528541027
1793,d_1794,"['F1', 'F2', 'F3', 'F4', 'F5', 'F6', 'F7', 'F8', 'F9', 'F10']",1798,1799,1.553679665
1793,d_1794,"['F1', 'F2', 'F3', 'F4', 'F5', 'F6', 'F7', 'F8', 'F9', 'F10']",1799,1800,1.575655642
1793,d_1794,"['F1', 'F2', 'F3', 'F4', 'F5', 'F6', 'F7', 'F8', 'F9', 'F10']",1800,1801,1.594866848
1793,d_1794,"['F1', 'F2', 'F3', 'F4', 'F5', 'F6', 'F7', 'F8', 'F9', 'F10']",1801,1802,1.611661115
1793,d_1794,"['F1', 'F2', 'F3', 'F4', 'F5', 'F6', 'F7', 'F8', 'F9', 'F10']",1802,1803,1.626342516
1793,d_1794,"['F1', 'F2', 'F3', 'F4', 'F5', 'F6', 'F7', 'F8', 'F9', 'F10']",1803,1804,1.639176868
1800,d_1801,"['F1', 'F2', 'F3', 'F4', 'F5', 'F6', 'F7', 'F8', 'F9', 'F10']",1801,1802,2.70212528
1800,d_1801,"['F1', 'F2', 'F3', 'F4', 'F5', 'F6', 'F7', 'F8', 'F9', 'F10']",1802,1803,2.639783072
1800,d_1801,"['F1', 'F2', 'F3', 'F4', 'F5', 'F6', 'F7', 'F8', 'F9', 'F10']",1803,1804,2.585274615
1800,d_1801,"['F1', 'F2', 'F3', 'F4', 'F5', 'F6', 'F7', 'F8', 'F9', 'F10']",1804,1805,2.537615541
1800,d_1801,"['F1', 'F2', 'F3', 'F4', 'F5', 'F6', 'F7', 'F8', 'F9', 'F10']",1805,1806,2.495945174
1800,d_1801,"['F1', 'F2', 'F3', 'F4', 'F5', 'F6', 'F7', 'F8', 'F9', 'F10']",1806,1807,2.459510991
1800,d_1801,"['F1', 'F2', 'F3', 'F4', 'F5', 'F6', 'F7', 'F8', 'F9', 'F10']",1807,1808,2.427655027
1800,d_1801,"['F1', 'F2', 'F3', 'F4', 'F5', 'F6', 'F7', 'F8', 'F9', 'F10']",1808,1809,2.399801996
1800,d_1801,"['F1', 'F2', 'F3', 'F4', 'F5', 'F6', 'F7', 'F8', 'F9', 'F10']",1809,1810,2.3754489
1800,d_1801,"['F1', 'F2', 'F3', 'F4', 'F5', 'F6', 'F7', 'F8', 'F9', 'F10']",1810,1811,2.354155947
1807,d_1808,"['F1', 'F2', 'F3', 'F4', 'F5', 'F6', 'F7', 'F8', 'F9', 'F10']",1808,1809,2.192220424
1807,d_1808,"['F1', 'F2', 'F3', 'F4', 'F5', 'F6', 'F7', 'F8', 'F9', 'F10']",1809,1810,2.187318054
1807,d_1808,"['F1', 'F2', 'F3', 'F4', 'F5', 'F6', 'F7', 'F8', 'F9', 'F10']",1810,1811,2.183033075
1807,d_1808,"['F1', 'F2', 'F3', 'F4', 'F5', 'F6', 'F7', 'F8', 'F9', 'F10']",1811,1812,2.179287735
1807,d_1808,"['F1', 'F2', 'F3', 'F4', 'F5', 'F6', 'F7', 'F8', 'F9', 'F10']",1812,1813,2.176014072
1807,d_1808,"['F1', 'F2', 'F3', 'F4', 'F5', 'F6', 'F7', 'F8', 'F9', 'F10']",1813,1814,2.173152686
1807,d_1808,"['F1', 'F2', 'F3', 'F4', 'F5', 'F6', 'F7', 'F8', 'F9', 'F10']",1814,1815,2.170651654
1807,d_1808,"['F1', 'F2', 'F3', 'F4', 'F5', 'F6', 'F7', 'F8', 'F9', 'F10']",1815,1816,2.168465595
1807,d_1808,"['F1', 'F2', 'F3', 'F4', 'F5', 'F6', 'F7', 'F8', 'F9', 'F10']",1816,1817,2.166554843
1807,d_1808,"['F1', 'F2', 'F3', 'F4', 'F5', 'F6', 'F7', 'F8', 'F9', 'F10']",1817,1818,2.164884725
1814,d_1815,"['F1', 'F2', 'F3', 'F4', 'F5', 'F6', 'F7', 'F8', 'F9', 'F10']",1815,1816,2.845980384
1814,d_1815,"['F1', 'F2', 'F3', 'F4', 'F5', 'F6', 'F7', 'F8', 'F9', 'F10']",1816,1817,2.79383806
1814,d_1815,"['F1', 'F2', 'F3', 'F4', 'F5', 'F6', 'F7', 'F8', 'F9', 'F10']",1817,1818,2.748228355
1814,d_1815,"['F1', 'F2', 'F3', 'F4', 'F5', 'F6', 'F7', 'F8', 'F9', 'F10']",1818,1819,2.708332833
1814,d_1815,"['F1', 'F2', 'F3', 'F4', 'F5', 'F6', 'F7', 'F8', 'F9', 'F10']",1819,1820,2.673435598
1814,d_1815,"['F1', 'F2', 'F3', 'F4', 'F5', 'F6', 'F7', 'F8', 'F9', 'F10']",1820,1821,2.64291044
1814,d_1815,"['F1', 'F2', 'F3', 'F4', 'F5', 'F6', 'F7', 'F8', 'F9', 'F10']",1821,1822,2.616209609
1814,d_1815,"['F1', 'F2', 'F3', 'F4', 'F5', 'F6', 'F7', 'F8', 'F9', 'F10']",1822,1823,2.592853974
1814,d_1815,"['F1', 'F2', 'F3', 'F4', 'F5', 'F6', 'F7', 'F8', 'F9', 'F10']",1823,1824,2.572424436
1814,d_1815,"['F1', 'F2', 'F3', 'F4', 'F5', 'F6', 'F7', 'F8', 'F9', 'F10']",1824,1825,2.554554399
1821,d_1822,"['F1', 'F2', 'F3', 'F4', 'F5', 'F6', 'F7', 'F8', 'F9', 'F10']",1822,1823,2.06102008
1821,d_1822,"['F1', 'F2', 'F3', 'F4', 'F5', 'F6', 'F7', 'F8', 'F9', 'F10']",1823,1824,2.458268936
1821,d_1822,"['F1', 'F2', 'F3', 'F4', 'F5', 'F6', 'F7', 'F8', 'F9', 'F10']",1824,1825,2.054240062
1821,d_1822,"['F1', 'F2', 'F3', 'F4', 'F5', 'F6', 'F7', 'F8', 'F9', 'F10']",1825,1826,2.362921688
1821,d_1822,"['F1', 'F2', 'F3', 'F4', 'F5', 'F6', 'F7', 'F8', 'F9', 'F10']",1826,1827,2.180264551
1821,d_1822,"['F1', 'F2', 'F3', 'F4', 'F5', 'F6', 'F7', 'F8', 'F9', 'F10']",1827,1828,2.394658648
1821,d_1822,"['F1', 'F2', 'F3', 'F4', 'F5', 'F6', 'F7', 'F8', 'F9', 'F10']",1828,1829,2.56836474
1821,d_1822,"['F1', 'F2', 'F3', 'F4', 'F5', 'F6', 'F7', 'F8', 'F9', 'F10']",1829,1830,2.409031761
1821,d_1822,"['F1', 'F2', 'F3', 'F4', 'F5', 'F6', 'F7', 'F8', 'F9', 'F10']",1830,1831,2.145346905
1821,d_1822,"['F1', 'F2', 'F3', 'F4', 'F5', 'F6', 'F7', 'F8', 'F9', 'F10']",1831,1832,2.078082464
1828,d_1829,"['F1', 'F2', 'F3', 'F4', 'F5', 'F6', 'F7', 'F8', 'F9', 'F10']",1829,1830,1.601523747
1828,d_1829,"['F1', 'F2', 'F3', 'F4', 'F5', 'F6', 'F7', 'F8', 'F9', 'F10']",1830,1831,1.636821865
1828,d_1829,"['F1', 'F2', 'F3', 'F4', 'F5', 'F6', 'F7', 'F8', 'F9', 'F10']",1831,1832,1.667695847
1828,d_1829,"['F1', 'F2', 'F3', 'F4', 'F5', 'F6', 'F7', 'F8', 'F9', 'F10']",1832,1833,1.694700198
1828,d_1829,"['F1', 'F2', 'F3', 'F4', 'F5', 'F6', 'F7', 'F8', 'F9', 'F10']",1833,1834,1.718319923
1828,d_1829,"['F1', 'F2', 'F3', 'F4', 'F5', 'F6', 'F7', 'F8', 'F9', 'F10']",1834,1835,1.738979239
1828,d_1829,"['F1', 'F2', 'F3', 'F4', 'F5', 'F6', 'F7', 'F8', 'F9', 'F10']",1835,1836,1.757049193
1828,d_1829,"['F1', 'F2', 'F3', 'F4', 'F5', 'F6', 'F7', 'F8', 'F9', 'F10']",1836,1837,1.772854325
1828,d_1829,"['F1', 'F2', 'F3', 'F4', 'F5', 'F6', 'F7', 'F8', 'F9', 'F10']",1837,1838,1.7866785
1828,d_1829,"['F1', 'F2', 'F3', 'F4', 'F5', 'F6', 'F7', 'F8', 'F9', 'F10']",1838,1839,1.798770005
1835,d_1836,"['F1', 'F2', 'F3', 'F4', 'F5', 'F6', 'F7', 'F8', 'F9', 'F10']",1836,1837,1.854109292
1835,d_1836,"['F1', 'F2', 'F3', 'F4', 'F5', 'F6', 'F7', 'F8', 'F9', 'F10']",1837,1838,1.870557395
1835,d_1836,"['F1', 'F2', 'F3', 'F4', 'F5', 'F6', 'F7', 'F8', 'F9', 'F10']",1838,1839,1.884933089
1835,d_1836,"['F1', 'F2', 'F3', 'F4', 'F5', 'F6', 'F7', 'F8', 'F9', 'F10']",1839,1840,1.897497493
1835,d_1836,"['F1', 'F2', 'F3', 'F4', 'F5', 'F6', 'F7', 'F8', 'F9', 'F10']",1840,1841,1.908478822
1835,d_1836,"['F1', 'F2', 'F3', 'F4', 'F5', 'F6', 'F7', 'F8', 'F9', 'F10']",1841,1842,1.918076539
1835,d_1836,"['F1', 'F2', 'F3', 'F4', 'F5', 'F6', 'F7', 'F8', 'F9', 'F10']",1842,1843,1.926464975
1835,d_1836,"['F1', 'F2', 'F3', 'F4', 'F5', 'F6', 'F7', 'F8', 'F9', 'F10']",1843,1844,1.933796494
1835,d_1836,"['F1', 'F2', 'F3', 'F4', 'F5', 'F6', 'F7', 'F8', 'F9', 'F10']",1844,1845,1.940204266
1835,d_1836,"['F1', 'F2', 'F3', 'F4', 'F5', 'F6', 'F7', 'F8', 'F9', 'F10']",1845,1846,1.945804679
1842,d_1843,"['F1', 'F2', 'F3', 'F4', 'F5', 'F6', 'F7', 'F8', 'F9', 'F10']",1843,1844,2.71585399
1842,d_1843,"['F1', 'F2', 'F3', 'F4', 'F5', 'F6', 'F7', 'F8', 'F9', 'F10']",1844,1845,2.671585265
1842,d_1843,"['F1', 'F2', 'F3', 'F4', 'F5', 'F6', 'F7', 'F8', 'F9', 'F10']",1845,1846,2.632872494
1842,d_1843,"['F1', 'F2', 'F3', 'F4', 'F5', 'F6', 'F7', 'F8', 'F9', 'F10']",1846,1847,2.599018375
1842,d_1843,"['F1', 'F2', 'F3', 'F4', 'F5', 'F6', 'F7', 'F8', 'F9', 'F10']",1847,1848,2.569413122
1842,d_1843,"['F1', 'F2', 'F3', 'F4', 'F5', 'F6', 'F7', 'F8', 'F9', 'F10']",1848,1849,2.543523481
1842,d_1843,"['F1', 'F2', 'F3', 'F4', 'F5', 'F6', 'F7', 'F8', 'F9', 'F10']",1849,1850,2.520883124
1842,d_1843,"['F1', 'F2', 'F3', 'F4', 'F5', 'F6', 'F7', 'F8', 'F9', 'F10']",1850,1851,2.501084248
1842,d_1843,"['F1', 'F2', 'F3', 'F4', 'F5', 'F6', 'F7', 'F8', 'F9', 'F10']",1851,1852,2.483770233
1842,d_1843,"['F1', 'F2', 'F3', 'F4', 'F5', 'F6', 'F7', 'F8', 'F9', 'F10']",1852,1853,2.468629217
1849,d_1850,"['F1', 'F2', 'F3', 'F4', 'F5', 'F6', 'F7', 'F8', 'F9', 'F10']",1850,1851,1.784828447
1849,d_1850,"['F1', 'F2', 'F3', 'F4', 'F5', 'F6', 'F7', 'F8', 'F9', 'F10']",1851,1852,1.817985974
1849,d_1850,"['F1', 'F2', 'F3', 'F4', 'F5', 'F6', 'F7', 'F8', 'F9', 'F10']",1852,1853,1.846966439
1849,d_1850,"['F1', 'F2', 'F3', 'F4', 'F5', 'F6', 'F7', 'F8', 'F9', 'F10']",1853,1854,1.87229605
1849,d_1850,"['F1', 'F2', 'F3', 'F4', 'F5', 'F6', 'F7', 'F8', 'F9', 'F10']",1854,1855,1.894434729
1849,d_1850,"['F1', 'F2', 'F3', 'F4', 'F5', 'F6', 'F7', 'F8', 'F9', 'F10']",1855,1856,1.913784459
1849,d_1850,"['F1', 'F2', 'F3', 'F4', 'F5', 'F6', 'F7', 'F8', 'F9', 'F10']",1856,1857,1.930696581
1849,d_1850,"['F1', 'F2', 'F3', 'F4', 'F5', 'F6', 'F7', 'F8', 'F9', 'F10']",1857,1858,1.945478176
1849,d_1850,"['F1', 'F2', 'F3', 'F4', 'F5', 'F6', 'F7', 'F8', 'F9', 'F10']",1858,1859,1.958397639
1849,d_1850,"['F1', 'F2', 'F3', 'F4', 'F5', 'F6', 'F7', 'F8', 'F9', 'F10']",1859,1860,1.969689556
1856,d_1857,"['F1', 'F2', 'F3', 'F4', 'F5', 'F6', 'F7', 'F8', 'F9', 'F10']",1857,1858,2.52590248
1856,d_1857,"['F1', 'F2', 'F3', 'F4', 'F5', 'F6', 'F7', 'F8', 'F9', 'F10']",1858,1859,2.495071138
1856,d_1857,"['F1', 'F2', 'F3', 'F4', 'F5', 'F6', 'F7', 'F8', 'F9', 'F10']",1859,1860,2.468144527
1856,d_1857,"['F1', 'F2', 'F3', 'F4', 'F5', 'F6', 'F7', 'F8', 'F9', 'F10']",1860,1861,2.444628122
1856,d_1857,"['F1', 'F2', 'F3', 'F4', 'F5', 'F6', 'F7', 'F8', 'F9', 'F10']",1861,1862,2.424090025
1856,d_1857,"['F1', 'F2', 'F3', 'F4', 'F5', 'F6', 'F7', 'F8', 'F9', 'F10']",1862,1863,2.40615304
1856,d_1857,"['F1', 'F2', 'F3', 'F4', 'F5', 'F6', 'F7', 'F8', 'F9', 'F10']",1863,1864,2.390487741
1856,d_1857,"['F1', 'F2', 'F3', 'F4', 'F5', 'F6', 'F7', 'F8', 'F9', 'F10']",1864,1865,2.376806423
1856,d_1857,"['F1', 'F2', 'F3', 'F4', 'F5', 'F6', 'F7', 'F8', 'F9', 'F10']",1865,1866,2.364857818
1856,d_1857,"['F1', 'F2', 'F3', 'F4', 'F5', 'F6', 'F7', 'F8', 'F9', 'F10']",1866,1867,2.354422482
1863,d_1864,"['F1', 'F2', 'F3', 'F4', 'F5', 'F6', 'F7', 'F8', 'F9', 'F10']",1864,1865,1.455929565
1863,d_1864,"['F1', 'F2', 'F3', 'F4', 'F5', 'F6', 'F7', 'F8', 'F9', 'F10']",1865,1866,1.625991746
1863,d_1864,"['F1', 'F2', 'F3', 'F4', 'F5', 'F6', 'F7', 'F8', 'F9', 'F10']",1866,1867,1.594360359
1863,d_1864,"['F1', 'F2', 'F3', 'F4', 'F5', 'F6', 'F7', 'F8', 'F9', 'F10']",1867,1868,1.822829228
1863,d_1864,"['F1', 'F2', 'F3', 'F4', 'F5', 'F6', 'F7', 'F8', 'F9', 'F10']",1868,1869,1.710996678
1863,d_1864,"['F1', 'F2', 'F3', 'F4', 'F5', 'F6', 'F7', 'F8', 'F9', 'F10']",1869,1870,1.822332515
1863,d_1864,"['F1', 'F2', 'F3', 'F4', 'F5', 'F6', 'F7', 'F8', 'F9', 'F10']",1870,1871,1.872027216
1863,d_1864,"['F1', 'F2', 'F3', 'F4', 'F5', 'F6', 'F7', 'F8', 'F9', 'F10']",1871,1872,1.716151404
1863,d_1864,"['F1', 'F2', 'F3', 'F4', 'F5', 'F6', 'F7', 'F8', 'F9', 'F10']",1872,1873,1.816496459
1863,d_1864,"['F1', 'F2', 'F3', 'F4', 'F5', 'F6', 'F7', 'F8', 'F9', 'F10']",1873,1874,1.825999999
1870,d_1871,"['F1', 'F2', 'F3', 'F4', 'F5', 'F6', 'F7', 'F8', 'F9', 'F10']",1871,1872,1.704715339
1870,d_1871,"['F1', 'F2', 'F3', 'F4', 'F5', 'F6', 'F7', 'F8', 'F9', 'F10']",1872,1873,1.922927919
1870,d_1871,"['F1', 'F2', 'F3', 'F4', 'F5', 'F6', 'F7', 'F8', 'F9', 'F10']",1873,1874,1.820407283
1870,d_1871,"['F1', 'F2', 'F3', 'F4', 'F5', 'F6', 'F7', 'F8', 'F9', 'F10']",1874,1875,1.840642732
1870,d_1871,"['F1', 'F2', 'F3', 'F4', 'F5', 'F6', 'F7', 'F8', 'F9', 'F10']",1875,1876,1.745371189
1870,d_1871,"['F1', 'F2', 'F3', 'F4', 'F5', 'F6', 'F7', 'F8', 'F9', 'F10']",1876,1877,1.869361808
1870,d_1871,"['F1', 'F2', 'F3', 'F4', 'F5', 'F6', 'F7', 'F8', 'F9', 'F10']",1877,1878,1.750003401
1870,d_1871,"['F1', 'F2', 'F3', 'F4', 'F5', 'F6', 'F7', 'F8', 'F9', 'F10']",1878,1879,1.838908413
1870,d_1871,"['F1', 'F2', 'F3', 'F4', 'F5', 'F6', 'F7', 'F8', 'F9', 'F10']",1879,1880,2.137070725
1870,d_1871,"['F1', 'F2', 'F3', 'F4', 'F5', 'F6', 'F7', 'F8', 'F9', 'F10']",1880,1881,1.850771298
1877,d_1878,"['F1', 'F2', 'F3', 'F4', 'F5', 'F6', 'F7', 'F8', 'F9', 'F10']",1878,1879,2.191707711
1877,d_1878,"['F1', 'F2', 'F3', 'F4', 'F5', 'F6', 'F7', 'F8', 'F9', 'F10']",1879,1880,2.451899232
1877,d_1878,"['F1', 'F2', 'F3', 'F4', 'F5', 'F6', 'F7', 'F8', 'F9', 'F10']",1880,1881,2.14143204
1877,d_1878,"['F1', 'F2', 'F3', 'F4', 'F5', 'F6', 'F7', 'F8', 'F9', 'F10']",1881,1882,2.451112817
1877,d_1878,"['F1', 'F2', 'F3', 'F4', 'F5', 'F6', 'F7', 'F8', 'F9', 'F10']",1882,1883,2.091987865
1877,d_1878,"['F1', 'F2', 'F3', 'F4', 'F5', 'F6', 'F7', 'F8', 'F9', 'F10']",1883,1884,2.173413984
1877,d_1878,"['F1', 'F2', 'F3', 'F4', 'F5', 'F6', 'F7', 'F8', 'F9', 'F10']",1884,1885,2.150411672
1877,d_1878,"['F1', 'F2', 'F3', 'F4', 'F5', 'F6', 'F7', 'F8', 'F9', 'F10']",1885,1886,2.113502512
1877,d_1878,"['F1', 'F2', 'F3', 'F4', 'F5', 'F6', 'F7', 'F8', 'F9', 'F10']",1886,1887,2.089756277
1877,d_1878,"['F1', 'F2', 'F3', 'F4', 'F5', 'F6', 'F7', 'F8', 'F9', 'F10']",1887,1888,2.091088742
1884,d_1885,"['F1', 'F2', 'F3', 'F4', 'F5', 'F6', 'F7', 'F8', 'F9', 'F10']",1885,1886,1.818687366
1884,d_1885,"['F1', 'F2', 'F3', 'F4', 'F5', 'F6', 'F7', 'F8', 'F9', 'F10']",1886,1887,1.759785351
1884,d_1885,"['F1', 'F2', 'F3', 'F4', 'F5', 'F6', 'F7', 'F8', 'F9', 'F10']",1887,1888,1.883346746
1884,d_1885,"['F1', 'F2', 'F3', 'F4', 'F5', 'F6', 'F7', 'F8', 'F9', 'F10']",1888,1889,2.128104305
1884,d_1885,"['F1', 'F2', 'F3', 'F4', 'F5', 'F6', 'F7', 'F8', 'F9', 'F10']",1889,1890,2.011848194
1884,d_1885,"['F1', 'F2', 'F3', 'F4', 'F5', 'F6', 'F7', 'F8', 'F9', 'F10']",1890,1891,2.057947512
1884,d_1885,"['F1', 'F2', 'F3', 'F4', 'F5', 'F6', 'F7', 'F8', 'F9', 'F10']",1891,1892,1.855821618
1884,d_1885,"['F1', 'F2', 'F3', 'F4', 'F5', 'F6', 'F7', 'F8', 'F9', 'F10']",1892,1893,2.032575048
1884,d_1885,"['F1', 'F2', 'F3', 'F4', 'F5', 'F6', 'F7', 'F8', 'F9', 'F10']",1893,1894,1.871770988
1884,d_1885,"['F1', 'F2', 'F3', 'F4', 'F5', 'F6', 'F7', 'F8', 'F9', 'F10']",1894,1895,2.122595993
1891,d_1892,"['F1', 'F2', 'F3', 'F4', 'F5', 'F6', 'F7', 'F8', 'F9', 'F10']",1892,1893,2.526309866
1891,d_1892,"['F1', 'F2', 'F3', 'F4', 'F5', 'F6', 'F7', 'F8', 'F9', 'F10']",1893,1894,2.292802364
1891,d_1892,"['F1', 'F2', 'F3', 'F4', 'F5', 'F6', 'F7', 'F8', 'F9', 'F10']",1894,1895,2.504415356
1891,d_1892,"['F1', 'F2', 'F3', 'F4', 'F5', 'F6', 'F7', 'F8', 'F9', 'F10']",1895,1896,2.355110141
1891,d_1892,"['F1', 'F2', 'F3', 'F4', 'F5', 'F6', 'F7', 'F8', 'F9', 'F10']",1896,1897,2.390448411
1891,d_1892,"['F1', 'F2', 'F3', 'F4', 'F5', 'F6', 'F7', 'F8', 'F9', 'F10']",1897,1898,2.25888938
1891,d_1892,"['F1', 'F2', 'F3', 'F4', 'F5', 'F6', 'F7', 'F8', 'F9', 'F10']",1898,1899,2.248813272
1891,d_1892,"['F1', 'F2', 'F3', 'F4', 'F5', 'F6', 'F7', 'F8', 'F9', 'F10']",1899,1900,2.290397575
1891,d_1892,"['F1', 'F2', 'F3', 'F4', 'F5', 'F6', 'F7', 'F8', 'F9', 'F10']",1900,1901,2.208037609
1891,d_1892,"['F1', 'F2', 'F3', 'F4', 'F5', 'F6', 'F7', 'F8', 'F9', 'F10']",1901,1902,2.188479022
1898,d_1899,"['F1', 'F2', 'F3', 'F4', 'F5', 'F6', 'F7', 'F8', 'F9', 'F10']",1899,1900,2.280511935
1898,d_1899,"['F1', 'F2', 'F3', 'F4', 'F5', 'F6', 'F7', 'F8', 'F9', 'F10']",1900,1901,2.346333401
1898,d_1899,"['F1', 'F2', 'F3', 'F4', 'F5', 'F6', 'F7', 'F8', 'F9', 'F10']",1901,1902,2.175706181
1898,d_1899,"['F1', 'F2', 'F3', 'F4', 'F5', 'F6', 'F7', 'F8', 'F9', 'F10']",1902,1903,2.355478157
1898,d_1899,"['F1', 'F2', 'F3', 'F4', 'F5', 'F6', 'F7', 'F8', 'F9', 'F10']",1903,1904,2.369938084
1898,d_1899,"['F1', 'F2', 'F3', 'F4', 'F5', 'F6', 'F7', 'F8', 'F9', 'F10']",1904,1905,2.317329144
1898,d_1899,"['F1', 'F2', 'F3', 'F4', 'F5', 'F6', 'F7', 'F8', 'F9', 'F10']",1905,1906,2.354087286
1898,d_1899,"['F1', 'F2', 'F3', 'F4', 'F5', 'F6', 'F7', 'F8', 'F9', 'F10']",1906,1907,2.167296131
1898,d_1899,"['F1', 'F2', 'F3', 'F4', 'F5', 'F6', 'F7', 'F8', 'F9', 'F10']",1907,1908,2.543450864
1898,d_1899,"['F1', 'F2', 'F3', 'F4', 'F5', 'F6', 'F7', 'F8', 'F9', 'F10']",1908,1909,2.153295873
1905,d_1906,"['F1', 'F2', 'F3', 'F4', 'F5', 'F6', 'F7', 'F8', 'F9', 'F10']",1906,1907,2.399128629
1905,d_1906,"['F1', 'F2', 'F3', 'F4', 'F5', 'F6', 'F7', 'F8', 'F9', 'F10']",1907,1908,2.765646475
1905,d_1906,"['F1', 'F2', 'F3', 'F4', 'F5', 'F6', 'F7', 'F8', 'F9', 'F10']",1908,1909,2.346243221
1905,d_1906,"['F1', 'F2', 'F3', 'F4', 'F5', 'F6', 'F7', 'F8', 'F9', 'F10']",1909,1910,2.403168104
1905,d_1906,"['F1', 'F2', 'F3', 'F4', 'F5', 'F6', 'F7', 'F8', 'F9', 'F10']",1910,1911,2.383406932
1905,d_1906,"['F1', 'F2', 'F3', 'F4', 'F5', 'F6', 'F7', 'F8', 'F9', 'F10']",1911,1912,2.45912256
1905,d_1906,"['F1', 'F2', 'F3', 'F4', 'F5', 'F6', 'F7', 'F8', 'F9', 'F10']",1912,1913,2.384714699
1905,d_1906,"['F1', 'F2', 'F3', 'F4', 'F5', 'F6', 'F7', 'F8', 'F9', 'F10']",1913,1914,2.522925751
1905,d_1906,"['F1', 'F2', 'F3', 'F4', 'F5', 'F6', 'F7', 'F8', 'F9', 'F10']",1914,1915,2.512371548
1905,d_1906,"['F1', 'F2', 'F3', 'F4', 'F5', 'F6', 'F7', 'F8', 'F9', 'F10']",1915,1916,2.4460809
1912,d_1913,"['F1', 'F2', 'F3', 'F4', 'F5', 'F6', 'F7', 'F8', 'F9', 'F10']",1913,1914,2.014938156
1912,d_1913,"['F1', 'F2', 'F3', 'F4', 'F5', 'F6', 'F7', 'F8', 'F9', 'F10']",1914,1915,1.975140097
1912,d_1913,"['F1', 'F2', 'F3', 'F4', 'F5', 'F6', 'F7', 'F8', 'F9', 'F10']",1915,1916,1.933285315
1912,d_1913,"['F1', 'F2', 'F3', 'F4', 'F5', 'F6', 'F7', 'F8', 'F9', 'F10']",1916,1917,1.785180644
1912,d_1913,"['F1', 'F2', 'F3', 'F4', 'F5', 'F6', 'F7', 'F8', 'F9', 'F10']",1917,1918,2.146702938
1912,d_1913,"['F1', 'F2', 'F3', 'F4', 'F5', 'F6', 'F7', 'F8', 'F9', 'F10']",1918,1919,2.142624837
1912,d_1913,"['F1', 'F2', 'F3', 'F4', 'F5', 'F6', 'F7', 'F8', 'F9', 'F10']",1919,1920,1.827776456
1912,d_1913,"['F1', 'F2', 'F3', 'F4', 'F5', 'F6', 'F7', 'F8', 'F9', 'F10']",1920,1921,2.156629336
1912,d_1913,"['F1', 'F2', 'F3', 'F4', 'F5', 'F6', 'F7', 'F8', 'F9', 'F10']",1921,1922,1.936914227
1912,d_1913,"['F1', 'F2', 'F3', 'F4', 'F5', 'F6', 'F7', 'F8', 'F9', 'F10']",1922,1923,1.948559714
